timestamp,image_id,camera,defect_type,x,y,width,height,confidence,area
2025-07-13T02:59:25.031228,inclusion,245,patch,280.6634826660156,302.70550537109375,222.4193115234375,331.8961181640625,0.669374942779541,73820.109375
2025-07-13T02:59:25.062652,inclusion,245,patch,280.6634826660156,302.70550537109375,222.4193115234375,331.8961181640625,0.669374942779541,73820.109375
2025-07-13T02:59:25.093526,inclusion,246,patch,196.340087890625,430.437255859375,79.04684448242188,267.85333251953125,0.604462206363678,21172.9609375
2025-07-13T02:59:25.093526,inclusion,246,patch,568.8424072265625,3.931731939315796,143.5855712890625,716.0648193359375,0.5152309536933899,102816.578125
2025-07-13T02:59:25.123046,inclusion,246,patch,196.340087890625,430.437255859375,79.04684448242188,267.85333251953125,0.604462206363678,21172.9609375
2025-07-13T02:59:25.123046,inclusion,246,patch,568.8424072265625,3.931731939315796,143.5855712890625,716.0648193359375,0.5152309536933899,102816.578125
2025-07-13T02:59:25.365534,inclusion,251,patch,411.49127197265625,421.3501892089844,88.70571899414062,294.2350158691406,0.655663013458252,26100.328125
2025-07-13T02:59:25.365534,inclusion,251,patch,409.51513671875,153.1827392578125,83.17892456054688,253.85617065429688,0.5723293423652649,21115.482421875
2025-07-13T02:59:25.395745,inclusion,251,patch,411.49127197265625,421.3501892089844,88.70571899414062,294.2350158691406,0.655663013458252,26100.328125
2025-07-13T02:59:25.395745,inclusion,251,patch,409.51513671875,153.1827392578125,83.17892456054688,253.85617065429688,0.5723293423652649,21115.482421875
2025-07-13T02:59:25.586277,inclusion,255,patch,314.3219299316406,382.18499755859375,109.83843994140625,319.3466796875,0.673486053943634,35076.54296875
2025-07-13T02:59:25.586277,inclusion,255,patch,294.4838562011719,0.10974385589361191,109.13995361328125,267.8962707519531,0.5771875977516174,29238.1875
2025-07-13T02:59:25.616500,inclusion,255,patch,314.3219299316406,382.18499755859375,109.83843994140625,319.3466796875,0.673486053943634,35076.54296875
2025-07-13T02:59:25.616500,inclusion,255,patch,294.4838562011719,0.10974385589361191,109.13995361328125,267.8962707519531,0.5771875977516174,29238.1875
2025-07-13T02:59:25.700066,inclusion,257,patch,218.7006378173828,387.8196105957031,92.83793640136719,276.8179626464844,0.5853239893913269,25699.208984375
2025-07-13T02:59:25.731036,inclusion,257,patch,218.7006378173828,387.8196105957031,92.83793640136719,276.8179626464844,0.5853239893913269,25699.208984375
2025-07-13T02:59:25.764612,inclusion,258,patch,469.12994384765625,0.6521340608596802,154.8173828125,718.3285522460938,0.6229010820388794,111209.75
2025-07-13T02:59:25.764612,inclusion,258,patch,82.0341796875,0.565079391002655,153.83929443359375,623.8335571289062,0.6158847808837891,95970.1171875
2025-07-13T02:59:25.794552,inclusion,258,patch,469.12994384765625,0.6521340608596802,154.8173828125,718.3285522460938,0.6229010820388794,111209.75
2025-07-13T02:59:25.794552,inclusion,258,patch,82.0341796875,0.565079391002655,153.83929443359375,623.8335571289062,0.6158847808837891,95970.1171875
2025-07-13T02:59:25.824371,inclusion,259,patch,475.420166015625,28.346755981445312,126.58331298828125,691.6532592773438,0.6307425498962402,87551.7578125
2025-07-13T02:59:25.854245,inclusion,259,patch,475.420166015625,28.346755981445312,126.58331298828125,691.6532592773438,0.6307425498962402,87551.7578125
2025-07-13T02:59:25.937596,inclusion,261,patch,23.50905418395996,1.8669592142105103,213.3304901123047,717.6531982421875,0.5092601776123047,153097.3125
2025-07-13T02:59:25.967427,inclusion,261,patch,23.50905418395996,1.8669592142105103,213.3304901123047,717.6531982421875,0.5092601776123047,153097.3125
2025-07-13T02:59:25.997987,inclusion,262,patch,414.4013977050781,7.807517051696777,143.35366821289062,707.6427612304688,0.5511299967765808,101443.1875
2025-07-13T02:59:25.997987,inclusion,262,patch,0.0,0.0,162.4420928955078,707.0185546875,0.5466323494911194,114849.5703125
2025-07-13T02:59:26.028124,inclusion,262,patch,414.4013977050781,7.807517051696777,143.35366821289062,707.6427612304688,0.5511299967765808,101443.1875
2025-07-13T02:59:26.028124,inclusion,262,patch,0.0,0.0,162.4420928955078,707.0185546875,0.5466323494911194,114849.5703125
2025-07-13T02:59:26.057007,inclusion,263,patch,298.8154602050781,17.63514518737793,92.45245361328125,542.6139526367188,0.514621376991272,50165.9921875
2025-07-13T02:59:26.088210,inclusion,263,patch,298.8154602050781,17.63514518737793,92.45245361328125,542.6139526367188,0.514621376991272,50165.9921875
2025-07-13T02:59:26.119194,inclusion,264,patch,102.03103637695312,1.6489044427871704,139.53140258789062,621.3497924804688,0.5601431727409363,86697.8046875
2025-07-13T02:59:26.119194,inclusion,264,patch,482.841796875,0.0,151.8250732421875,692.121337890625,0.5038959383964539,105081.375
2025-07-13T02:59:26.150419,inclusion,264,patch,102.03103637695312,1.6489044427871704,139.53140258789062,621.3497924804688,0.5601431727409363,86697.8046875
2025-07-13T02:59:26.150419,inclusion,264,patch,482.841796875,0.0,151.8250732421875,692.121337890625,0.5038959383964539,105081.375
2025-07-13T02:59:26.179156,inclusion,265,patch,82.43994140625,0.8095848560333252,75.9017333984375,247.30447387695312,0.612360417842865,18770.837890625
2025-07-13T02:59:26.179156,inclusion,265,patch,490.2577819824219,0.0,144.74917602539062,716.1882934570312,0.5509101152420044,103667.6640625
2025-07-13T02:59:26.209289,inclusion,265,patch,82.43994140625,0.8095848560333252,75.9017333984375,247.30447387695312,0.612360417842865,18770.837890625
2025-07-13T02:59:26.209289,inclusion,265,patch,490.2577819824219,0.0,144.74917602539062,716.1882934570312,0.5509101152420044,103667.6640625
2025-07-13T02:59:26.239887,inclusion,266,patch,111.66616821289062,118.98729705810547,124.2794189453125,317.1479797363281,0.5400711894035339,39414.96484375
2025-07-13T02:59:26.239887,inclusion,266,patch,498.3071594238281,1.1880757808685303,167.05642700195312,712.9667358398438,0.5078245401382446,119105.671875
2025-07-13T02:59:26.268867,inclusion,266,patch,111.66616821289062,118.98729705810547,124.2794189453125,317.1479797363281,0.5400711894035339,39414.96484375
2025-07-13T02:59:26.268867,inclusion,266,patch,498.3071594238281,1.1880757808685303,167.05642700195312,712.9667358398438,0.5078245401382446,119105.671875
2025-07-13T02:59:26.297884,inclusion,267,patch,513.9742431640625,91.25166320800781,133.594482421875,627.2061767578125,0.6774165034294128,83791.28125
2025-07-13T02:59:26.332829,inclusion,267,patch,513.9742431640625,91.25166320800781,133.594482421875,627.2061767578125,0.6774165034294128,83791.28125
2025-07-13T02:59:26.365427,inclusion,268,patch,496.6700439453125,0.0,128.603271484375,717.444580078125,0.572090208530426,92265.71875
2025-07-13T02:59:26.394328,inclusion,268,patch,496.6700439453125,0.0,128.603271484375,717.444580078125,0.572090208530426,92265.71875
2025-07-13T02:59:26.429292,inclusion,269,patch,507.5950927734375,16.682140350341797,122.7506103515625,700.7451171875,0.6083405017852783,86016.890625
2025-07-13T02:59:26.429292,inclusion,269,patch,160.40773010253906,352.72845458984375,101.75749206542969,290.2762451171875,0.5661036968231201,29537.783203125
2025-07-13T02:59:26.460472,inclusion,269,patch,507.5950927734375,16.682140350341797,122.7506103515625,700.7451171875,0.6083405017852783,86016.890625
2025-07-13T02:59:26.460472,inclusion,269,patch,160.40773010253906,352.72845458984375,101.75749206542969,290.2762451171875,0.5661036968231201,29537.783203125
2025-07-13T02:59:26.491097,inclusion,270,patch,86.87024688720703,1.8957983255386353,135.74661254882812,689.6090087890625,0.6061258316040039,93612.0859375
2025-07-13T02:59:26.520355,inclusion,270,patch,86.87024688720703,1.8957983255386353,135.74661254882812,689.6090087890625,0.6061258316040039,93612.0859375
2025-07-13T02:59:26.551204,inclusion,271,patch,83.76940155029297,13.443682670593262,126.4062728881836,706.5563354492188,0.5065609216690063,89313.15625
2025-07-13T02:59:26.580325,inclusion,271,patch,83.76940155029297,13.443682670593262,126.4062728881836,706.5563354492188,0.5065609216690063,89313.15625
2025-07-13T02:59:26.774933,inclusion,275,patch,228.034423828125,48.555030822753906,94.79067993164062,385.74908447265625,0.5999711155891418,36565.41796875
2025-07-13T02:59:26.774933,inclusion,275,patch,556.7046508789062,223.9478302001953,79.6031494140625,218.2453155517578,0.598385751247406,17373.013671875
2025-07-13T02:59:26.774933,inclusion,275,patch,553.12158203125,57.262977600097656,76.18133544921875,128.448974609375,0.5171450972557068,9785.4140625
2025-07-13T02:59:26.804182,inclusion,275,patch,228.034423828125,48.555030822753906,94.79067993164062,385.74908447265625,0.5999711155891418,36565.41796875
2025-07-13T02:59:26.804182,inclusion,275,patch,556.7046508789062,223.9478302001953,79.6031494140625,218.2453155517578,0.598385751247406,17373.013671875
2025-07-13T02:59:26.804182,inclusion,275,patch,553.12158203125,57.262977600097656,76.18133544921875,128.448974609375,0.5171450972557068,9785.4140625
2025-07-13T02:59:26.836213,inclusion,276,patch,276.6754455566406,0.0,209.70486450195312,719.9013061523438,0.6074649691581726,150966.8125
2025-07-13T02:59:26.836213,inclusion,276,patch,307.65728759765625,0.31842437386512756,94.47811889648438,291.92822265625,0.5020089149475098,27580.830078125
2025-07-13T02:59:26.868072,inclusion,276,patch,276.6754455566406,0.0,209.70486450195312,719.9013061523438,0.6074649691581726,150966.8125
2025-07-13T02:59:26.868072,inclusion,276,patch,307.65728759765625,0.31842437386512756,94.47811889648438,291.92822265625,0.5020089149475098,27580.830078125
2025-07-13T02:59:26.899002,inclusion,277,patch,112.18211364746094,0.0,142.3881072998047,712.825439453125,0.5152018666267395,101497.8671875
2025-07-13T02:59:26.931284,inclusion,277,patch,112.18211364746094,0.0,142.3881072998047,712.825439453125,0.5152018666267395,101497.8671875
2025-07-13T02:59:26.962162,inclusion,278,patch,491.52093505859375,0.0,115.73358154296875,719.8350830078125,0.5942567586898804,83309.09375
2025-07-13T02:59:26.993150,inclusion,278,patch,491.52093505859375,0.0,115.73358154296875,719.8350830078125,0.5942567586898804,83309.09375
2025-07-13T02:59:27.025107,inclusion,279,patch,257.4306640625,221.4042205810547,92.45880126953125,385.9876708984375,0.5410967469215393,35687.95703125
2025-07-13T02:59:27.054333,inclusion,279,patch,257.4306640625,221.4042205810547,92.45880126953125,385.9876708984375,0.5410967469215393,35687.95703125
2025-07-13T02:59:27.415475,inclusion,286,patch,146.05581665039062,2.4311130046844482,89.85939025878906,231.8017578125,0.5557335615158081,20829.564453125
2025-07-13T02:59:27.445246,inclusion,286,patch,146.05581665039062,2.4311130046844482,89.85939025878906,231.8017578125,0.5557335615158081,20829.564453125
2025-07-13T02:59:27.474980,inclusion,287,patch,7.5386433601379395,383.9725646972656,67.7655258178711,136.64682006835938,0.6024801135063171,9259.943359375
2025-07-13T02:59:27.474980,inclusion,287,patch,92.39361572265625,178.25035095214844,75.70957946777344,307.5115966796875,0.5753222703933716,23281.57421875
2025-07-13T02:59:27.503653,inclusion,287,patch,7.5386433601379395,383.9725646972656,67.7655258178711,136.64682006835938,0.6024801135063171,9259.943359375
2025-07-13T02:59:27.503653,inclusion,287,patch,92.39361572265625,178.25035095214844,75.70957946777344,307.5115966796875,0.5753222703933716,23281.57421875
2025-07-13T02:59:27.588332,inclusion,289,patch,150.88882446289062,146.33218383789062,89.93484497070312,224.966064453125,0.6240671277046204,20232.2890625
2025-07-13T02:59:27.588332,inclusion,289,patch,147.85435485839844,0.7457566857337952,72.82218933105469,148.81344604492188,0.5206716060638428,10836.9208984375
2025-07-13T02:59:27.621350,inclusion,289,patch,150.88882446289062,146.33218383789062,89.93484497070312,224.966064453125,0.6240671277046204,20232.2890625
2025-07-13T02:59:27.621350,inclusion,289,patch,147.85435485839844,0.7457566857337952,72.82218933105469,148.81344604492188,0.5206716060638428,10836.9208984375
2025-07-13T02:59:27.652929,inclusion,290,patch,91.16712951660156,0.04484093561768532,113.75341796875,622.1304931640625,0.6672692894935608,70769.46875
2025-07-13T02:59:27.683529,inclusion,290,patch,91.16712951660156,0.04484093561768532,113.75341796875,622.1304931640625,0.6672692894935608,70769.46875
2025-07-13T02:59:27.716618,inclusion,291,patch,606.2579345703125,1.7366158962249756,112.1650390625,566.3233032226562,0.6377696990966797,63521.67578125
2025-07-13T02:59:27.716618,inclusion,291,patch,0.0,0.0,120.27689361572266,712.1767578125,0.5834453701972961,85658.40625
2025-07-13T02:59:27.746685,inclusion,291,patch,606.2579345703125,1.7366158962249756,112.1650390625,566.3233032226562,0.6377696990966797,63521.67578125
2025-07-13T02:59:27.746685,inclusion,291,patch,0.0,0.0,120.27689361572266,712.1767578125,0.5834453701972961,85658.40625
2025-07-13T02:59:27.834129,inclusion,293,patch,417.1176452636719,357.14044189453125,156.51016235351562,354.53509521484375,0.6072622537612915,55488.34375
2025-07-13T02:59:27.864763,inclusion,293,patch,417.1176452636719,357.14044189453125,156.51016235351562,354.53509521484375,0.6072622537612915,55488.34375
2025-07-13T02:59:27.893793,inclusion,294,patch,69.66449737548828,378.54205322265625,91.65624237060547,269.86834716796875,0.5005158185958862,24735.119140625
2025-07-13T02:59:27.924576,inclusion,294,patch,69.66449737548828,378.54205322265625,91.65624237060547,269.86834716796875,0.5005158185958862,24735.119140625
2025-07-13T02:59:28.007943,inclusion,296,patch,183.53810119628906,3.937404155731201,101.13893127441406,472.1482849121094,0.5214506983757019,47752.57421875
2025-07-13T02:59:28.038067,inclusion,296,patch,183.53810119628906,3.937404155731201,101.13893127441406,472.1482849121094,0.5214506983757019,47752.57421875
2025-07-13T02:59:28.123391,inclusion,298,patch,566.573486328125,218.55836486816406,86.925048828125,172.83497619628906,0.6238874793052673,15023.6884765625
2025-07-13T02:59:28.123391,inclusion,298,patch,563.8709716796875,393.957275390625,65.15252685546875,162.91204833984375,0.5454620718955994,10614.1318359375
2025-07-13T02:59:28.123391,inclusion,298,patch,473.9686584472656,198.9137725830078,65.98703002929688,122.71501159667969,0.5233761072158813,8097.59912109375
2025-07-13T02:59:28.154182,inclusion,298,patch,566.573486328125,218.55836486816406,86.925048828125,172.83497619628906,0.6238874793052673,15023.6884765625
2025-07-13T02:59:28.154182,inclusion,298,patch,563.8709716796875,393.957275390625,65.15252685546875,162.91204833984375,0.5454620718955994,10614.1318359375
2025-07-13T02:59:28.154182,inclusion,298,patch,473.9686584472656,198.9137725830078,65.98703002929688,122.71501159667969,0.5233761072158813,8097.59912109375
2025-07-13T02:59:28.182948,inclusion,299,patch,410.7392272949219,248.8763885498047,82.51358032226562,216.83802795410156,0.6475769281387329,17892.08203125
2025-07-13T02:59:28.212186,inclusion,299,patch,410.7392272949219,248.8763885498047,82.51358032226562,216.83802795410156,0.6475769281387329,17892.08203125
2025-07-13T02:59:28.243205,inclusion,300,patch,513.2852783203125,180.6243896484375,83.75189208984375,251.344482421875,0.6251143217086792,21050.576171875
2025-07-13T02:59:28.243205,inclusion,300,patch,537.6685791015625,427.767822265625,68.19451904296875,164.74334716796875,0.512206494808197,11234.59375
2025-07-13T02:59:28.273056,inclusion,300,patch,513.2852783203125,180.6243896484375,83.75189208984375,251.344482421875,0.6251143217086792,21050.576171875
2025-07-13T02:59:28.273056,inclusion,300,patch,537.6685791015625,427.767822265625,68.19451904296875,164.74334716796875,0.512206494808197,11234.59375
2025-07-13T02:59:28.356276,patches,242,patch,22.91058349609375,44.23758316040039,287.9596862792969,550.2063598632812,0.5511901378631592,158437.25
2025-07-13T02:59:28.386155,patches,242,patch,22.91058349609375,44.23758316040039,287.9596862792969,550.2063598632812,0.5511901378631592,158437.25
2025-07-13T02:59:28.418597,patches,243,patch,66.53355407714844,0.0,284.76385498046875,284.0327453613281,0.6590834259986877,80882.2578125
2025-07-13T02:59:28.418597,patches,243,patch,379.9465637207031,12.934967994689941,340.0534362792969,226.54730224609375,0.5190317630767822,77038.1875
2025-07-13T02:59:28.451270,patches,243,patch,66.53355407714844,0.0,284.76385498046875,284.0327453613281,0.6590834259986877,80882.2578125
2025-07-13T02:59:28.451270,patches,243,patch,379.9465637207031,12.934967994689941,340.0534362792969,226.54730224609375,0.5190317630767822,77038.1875
2025-07-13T02:59:28.482641,patches,244,patch,99.90855407714844,172.2711639404297,165.6686553955078,158.5145721435547,0.7734876275062561,26260.896484375
2025-07-13T02:59:28.482641,patches,244,patch,154.92457580566406,367.2779541015625,300.51641845703125,248.45721435546875,0.6282051801681519,74665.46875
2025-07-13T02:59:28.513600,patches,244,patch,99.90855407714844,172.2711639404297,165.6686553955078,158.5145721435547,0.7734876275062561,26260.896484375
2025-07-13T02:59:28.513600,patches,244,patch,154.92457580566406,367.2779541015625,300.51641845703125,248.45721435546875,0.6282051801681519,74665.46875
2025-07-13T02:59:28.544521,patches,245,patch,8.026825904846191,108.9865493774414,150.06207275390625,178.64111328125,0.6181648373603821,26807.255859375
2025-07-13T02:59:28.544521,patches,245,patch,3.339007616043091,0.0,251.4070587158203,49.50912857055664,0.5681456923484802,12446.9443359375
2025-07-13T02:59:28.575971,patches,245,patch,8.026825904846191,108.9865493774414,150.06207275390625,178.64111328125,0.6181648373603821,26807.255859375
2025-07-13T02:59:28.575971,patches,245,patch,3.339007616043091,0.0,251.4070587158203,49.50912857055664,0.5681456923484802,12446.9443359375
2025-07-13T02:59:28.608199,patches,246,patch,585.3850708007812,312.775146484375,128.22332763671875,196.77651977539062,0.5762616395950317,25231.33984375
2025-07-13T02:59:28.637290,patches,246,patch,585.3850708007812,312.775146484375,128.22332763671875,196.77651977539062,0.5762616395950317,25231.33984375
2025-07-13T02:59:28.720562,patches,248,patch,6.013073921203613,0.0,263.4239807128906,253.86634826660156,0.6248639822006226,66874.484375
2025-07-13T02:59:28.749649,patches,248,patch,6.013073921203613,0.0,263.4239807128906,253.86634826660156,0.6248639822006226,66874.484375
2025-07-13T02:59:28.833959,patches,250,patch,394.2364196777344,0.9131937026977539,158.25277709960938,169.2371063232422,0.8243181109428406,26782.2421875
2025-07-13T02:59:28.833959,patches,250,patch,39.5816764831543,466.19775390625,210.23782348632812,253.80224609375,0.624062180519104,53358.83203125
2025-07-13T02:59:28.865848,patches,250,patch,394.2364196777344,0.9131937026977539,158.25277709960938,169.2371063232422,0.8243181109428406,26782.2421875
2025-07-13T02:59:28.865848,patches,250,patch,39.5816764831543,466.19775390625,210.23782348632812,253.80224609375,0.624062180519104,53358.83203125
2025-07-13T02:59:28.947578,patches,252,patch,524.1405029296875,386.69793701171875,173.9849853515625,150.59197998046875,0.6331483721733093,26200.744140625
2025-07-13T02:59:28.947578,patches,252,patch,75.9594955444336,540.0397338867188,155.08111572265625,166.55224609375,0.547057569026947,25829.107421875
2025-07-13T02:59:28.976396,patches,252,patch,524.1405029296875,386.69793701171875,173.9849853515625,150.59197998046875,0.6331483721733093,26200.744140625
2025-07-13T02:59:28.976396,patches,252,patch,75.9594955444336,540.0397338867188,155.08111572265625,166.55224609375,0.547057569026947,25829.107421875
2025-07-13T02:59:29.060892,patches,254,patch,158.77267456054688,111.35138702392578,308.8917541503906,195.30557250976562,0.6985072493553162,60328.28125
2025-07-13T02:59:29.092061,patches,254,patch,158.77267456054688,111.35138702392578,308.8917541503906,195.30557250976562,0.6985072493553162,60328.28125
2025-07-13T02:59:29.231339,patches,257,patch,8.18648624420166,469.2650451660156,194.69854736328125,250.51907348632812,0.5263332724571228,48775.69921875
2025-07-13T02:59:29.263218,patches,257,patch,8.18648624420166,469.2650451660156,194.69854736328125,250.51907348632812,0.5263332724571228,48775.69921875
2025-07-13T02:59:29.463800,patches,261,patch,494.97552490234375,408.13232421875,196.92510986328125,273.235595703125,0.7532286643981934,53806.94921875
2025-07-13T02:59:29.463800,patches,261,patch,40.977420806884766,275.94342041015625,194.43597412109375,290.67010498046875,0.6368850469589233,56516.7265625
2025-07-13T02:59:29.493389,patches,261,patch,494.97552490234375,408.13232421875,196.92510986328125,273.235595703125,0.7532286643981934,53806.94921875
2025-07-13T02:59:29.493389,patches,261,patch,40.977420806884766,275.94342041015625,194.43597412109375,290.67010498046875,0.6368850469589233,56516.7265625
2025-07-13T02:59:29.524342,patches,262,patch,1.048179268836975,412.75091552734375,151.4918212890625,263.19805908203125,0.8307610750198364,39872.3515625
2025-07-13T02:59:29.524342,patches,262,patch,296.89593505859375,351.61334228515625,230.88580322265625,362.40155029296875,0.5338195562362671,83673.375
2025-07-13T02:59:29.553499,patches,262,patch,1.048179268836975,412.75091552734375,151.4918212890625,263.19805908203125,0.8307610750198364,39872.3515625
2025-07-13T02:59:29.553499,patches,262,patch,296.89593505859375,351.61334228515625,230.88580322265625,362.40155029296875,0.5338195562362671,83673.375
2025-07-13T02:59:29.586965,patches,263,patch,126.94226837158203,165.154296875,211.89718627929688,525.2267456054688,0.5409312844276428,111294.0703125
2025-07-13T02:59:29.616869,patches,263,patch,126.94226837158203,165.154296875,211.89718627929688,525.2267456054688,0.5409312844276428,111294.0703125
2025-07-13T02:59:29.647936,patches,264,patch,135.66595458984375,219.62001037597656,243.90487670898438,474.6031494140625,0.5824750065803528,115758.0234375
2025-07-13T02:59:29.679659,patches,264,patch,135.66595458984375,219.62001037597656,243.90487670898438,474.6031494140625,0.5824750065803528,115758.0234375
2025-07-13T02:59:29.709124,patches,265,patch,7.197358131408691,428.8208923339844,237.76168823242188,280.4433288574219,0.5184285640716553,66678.6796875
2025-07-13T02:59:29.740962,patches,265,patch,7.197358131408691,428.8208923339844,237.76168823242188,280.4433288574219,0.5184285640716553,66678.6796875
2025-07-13T02:59:29.776026,patches,266,patch,0.20603841543197632,0.6103830337524414,135.97695922851562,105.95462036132812,0.6799105405807495,14407.38671875
2025-07-13T02:59:29.807803,patches,266,patch,0.20603841543197632,0.6103830337524414,135.97695922851562,105.95462036132812,0.6799105405807495,14407.38671875
2025-07-13T02:59:29.840584,patches,267,patch,78.19267272949219,545.8583374023438,229.5937042236328,144.7115478515625,0.8208397626876831,33224.859375
2025-07-13T02:59:29.840584,patches,267,patch,26.48752784729004,0.0,315.42236328125,433.8015441894531,0.52345210313797,136830.703125
2025-07-13T02:59:29.873501,patches,267,patch,78.19267272949219,545.8583374023438,229.5937042236328,144.7115478515625,0.8208397626876831,33224.859375
2025-07-13T02:59:29.873501,patches,267,patch,26.48752784729004,0.0,315.42236328125,433.8015441894531,0.52345210313797,136830.703125
2025-07-13T02:59:29.904050,patches,268,patch,63.26234817504883,6.722677230834961,232.17494201660156,712.8816528320312,0.5298755168914795,165513.25
2025-07-13T02:59:29.934813,patches,268,patch,63.26234817504883,6.722677230834961,232.17494201660156,712.8816528320312,0.5298755168914795,165513.25
2025-07-13T02:59:30.024172,patches,270,patch,306.8158264160156,0.09838435053825378,216.42190551757812,158.08010864257812,0.7884628772735596,34212.0
2025-07-13T02:59:30.024172,patches,270,patch,316.3385925292969,205.2229766845703,211.18215942382812,471.92047119140625,0.5688894987106323,99661.1875
2025-07-13T02:59:30.056423,patches,270,patch,306.8158264160156,0.09838435053825378,216.42190551757812,158.08010864257812,0.7884628772735596,34212.0
2025-07-13T02:59:30.056423,patches,270,patch,316.3385925292969,205.2229766845703,211.18215942382812,471.92047119140625,0.5688894987106323,99661.1875
2025-07-13T02:59:30.088708,patches,271,patch,311.764404296875,177.46238708496094,311.9337158203125,296.34478759765625,0.5999346375465393,92439.9296875
2025-07-13T02:59:30.122693,patches,271,patch,311.764404296875,177.46238708496094,311.9337158203125,296.34478759765625,0.5999346375465393,92439.9296875
2025-07-13T02:59:30.211559,patches,273,patch,33.117061614990234,375.6333923339844,229.98422241210938,278.6280822753906,0.6153436899185181,64080.0625
2025-07-13T02:59:30.243382,patches,273,patch,33.117061614990234,375.6333923339844,229.98422241210938,278.6280822753906,0.6153436899185181,64080.0625
2025-07-13T02:59:30.330817,patches,275,patch,134.6815948486328,90.15569305419922,184.93910217285156,206.94967651367188,0.5614562034606934,38273.0859375
2025-07-13T02:59:30.330817,patches,275,patch,117.62989044189453,99.05189514160156,210.83074951171875,444.678466796875,0.5439997911453247,93751.890625
2025-07-13T02:59:30.361778,patches,275,patch,134.6815948486328,90.15569305419922,184.93910217285156,206.94967651367188,0.5614562034606934,38273.0859375
2025-07-13T02:59:30.361778,patches,275,patch,117.62989044189453,99.05189514160156,210.83074951171875,444.678466796875,0.5439997911453247,93751.890625
2025-07-13T02:59:30.393099,patches,276,patch,4.761438369750977,345.92620849609375,169.8404083251953,277.08489990234375,0.5293251872062683,47060.2109375
2025-07-13T02:59:30.426824,patches,276,patch,4.761438369750977,345.92620849609375,169.8404083251953,277.08489990234375,0.5293251872062683,47060.2109375
2025-07-13T02:59:30.511128,patches,278,patch,152.75311279296875,6.821195602416992,263.6224365234375,713.1788330078125,0.5345372557640076,188009.9375
2025-07-13T02:59:30.542018,patches,278,patch,152.75311279296875,6.821195602416992,263.6224365234375,713.1788330078125,0.5345372557640076,188009.9375
2025-07-13T02:59:30.571049,patches,279,patch,432.734130859375,124.8995590209961,162.85174560546875,298.40966796875,0.7143270969390869,48596.53515625
2025-07-13T02:59:30.571049,patches,279,patch,559.0081176757812,558.5151977539062,129.27325439453125,161.48480224609375,0.5827280282974243,20875.666015625
2025-07-13T02:59:30.571049,patches,279,patch,22.924196243286133,93.86557006835938,240.98699951171875,213.48294067382812,0.5372113585472107,51446.61328125
2025-07-13T02:59:30.602183,patches,279,patch,432.734130859375,124.8995590209961,162.85174560546875,298.40966796875,0.7143270969390869,48596.53515625
2025-07-13T02:59:30.602183,patches,279,patch,559.0081176757812,558.5151977539062,129.27325439453125,161.48480224609375,0.5827280282974243,20875.666015625
2025-07-13T02:59:30.602183,patches,279,patch,22.924196243286133,93.86557006835938,240.98699951171875,213.48294067382812,0.5372113585472107,51446.61328125
2025-07-13T02:59:30.632193,patches,280,patch,219.5408935546875,9.137877464294434,255.6781005859375,709.8868408203125,0.5256311893463135,181502.515625
2025-07-13T02:59:30.663437,patches,280,patch,219.5408935546875,9.137877464294434,255.6781005859375,709.8868408203125,0.5256311893463135,181502.515625
2025-07-13T02:59:30.695310,patches,281,patch,82.54084777832031,0.18921561539173126,145.85980224609375,181.87071228027344,0.6790373921394348,26527.626953125
2025-07-13T02:59:30.695310,patches,281,patch,396.9327697753906,4.74501895904541,220.65347290039062,715.2550048828125,0.5238869786262512,157823.5
2025-07-13T02:59:30.724240,patches,281,patch,82.54084777832031,0.18921561539173126,145.85980224609375,181.87071228027344,0.6790373921394348,26527.626953125
2025-07-13T02:59:30.724240,patches,281,patch,396.9327697753906,4.74501895904541,220.65347290039062,715.2550048828125,0.5238869786262512,157823.5
2025-07-13T02:59:30.757119,patches,282,patch,20.628173828125,219.739501953125,238.011474609375,334.6519775390625,0.7340391278266907,79651.0078125
2025-07-13T02:59:30.757119,patches,282,patch,479.54669189453125,257.5339050292969,202.08929443359375,460.6615905761719,0.5935953855514526,93094.7734375
2025-07-13T02:59:30.757119,patches,282,patch,455.0405578613281,0.0,169.60702514648438,249.23829650878906,0.5643054842948914,42272.56640625
2025-07-13T02:59:30.788188,patches,282,patch,20.628173828125,219.739501953125,238.011474609375,334.6519775390625,0.7340391278266907,79651.0078125
2025-07-13T02:59:30.788188,patches,282,patch,479.54669189453125,257.5339050292969,202.08929443359375,460.6615905761719,0.5935953855514526,93094.7734375
2025-07-13T02:59:30.788188,patches,282,patch,455.0405578613281,0.0,169.60702514648438,249.23829650878906,0.5643054842948914,42272.56640625
2025-07-13T02:59:30.818285,patches,283,patch,181.33187866210938,9.390892028808594,194.5665283203125,268.2569580078125,0.769510805606842,52193.82421875
2025-07-13T02:59:30.849099,patches,283,patch,181.33187866210938,9.390892028808594,194.5665283203125,268.2569580078125,0.769510805606842,52193.82421875
2025-07-13T02:59:30.882124,patches,284,patch,337.5226745605469,13.374897956848145,270.9155578613281,706.6251220703125,0.682952344417572,191435.734375
2025-07-13T02:59:30.912676,patches,284,patch,337.5226745605469,13.374897956848145,270.9155578613281,706.6251220703125,0.682952344417572,191435.734375
2025-07-13T02:59:30.947523,patches,285,patch,540.5360107421875,5.876252174377441,179.4639892578125,172.3223419189453,0.8518091440200806,30925.654296875
2025-07-13T02:59:30.947523,patches,285,patch,217.10264587402344,0.0,239.28489685058594,442.818115234375,0.5196865200996399,105959.6875
2025-07-13T02:59:30.984466,patches,285,patch,540.5360107421875,5.876252174377441,179.4639892578125,172.3223419189453,0.8518091440200806,30925.654296875
2025-07-13T02:59:30.984466,patches,285,patch,217.10264587402344,0.0,239.28489685058594,442.818115234375,0.5196865200996399,105959.6875
2025-07-13T02:59:31.015298,patches,286,patch,580.1516723632812,339.73748779296875,139.84832763671875,240.3551025390625,0.6241328120231628,33613.2578125
2025-07-13T02:59:31.015298,patches,286,patch,204.83218383789062,21.657276153564453,311.4376525878906,697.617431640625,0.5868492722511292,217264.328125
2025-07-13T02:59:31.047163,patches,286,patch,580.1516723632812,339.73748779296875,139.84832763671875,240.3551025390625,0.6241328120231628,33613.2578125
2025-07-13T02:59:31.047163,patches,286,patch,204.83218383789062,21.657276153564453,311.4376525878906,697.617431640625,0.5868492722511292,217264.328125
2025-07-13T02:59:31.135816,patches,288,patch,395.6032409667969,20.72536277770996,299.7939147949219,489.916748046875,0.6716383099555969,146874.0625
2025-07-13T02:59:31.167761,patches,288,patch,395.6032409667969,20.72536277770996,299.7939147949219,489.916748046875,0.6716383099555969,146874.0625
2025-07-13T02:59:31.199217,patches,289,patch,0.7957922220230103,79.7935791015625,141.26014709472656,251.45632934570312,0.7972735166549683,35520.7578125
2025-07-13T02:59:31.199217,patches,289,patch,0.7053341865539551,359.6029357910156,130.58746337890625,359.6825256347656,0.7121039628982544,46970.02734375
2025-07-13T02:59:31.199217,patches,289,patch,181.13497924804688,235.1100616455078,131.91830444335938,169.29978942871094,0.5123337507247925,22333.740234375
2025-07-13T02:59:31.230290,patches,289,patch,0.7957922220230103,79.7935791015625,141.26014709472656,251.45632934570312,0.7972735166549683,35520.7578125
2025-07-13T02:59:31.230290,patches,289,patch,0.7053341865539551,359.6029357910156,130.58746337890625,359.6825256347656,0.7121039628982544,46970.02734375
2025-07-13T02:59:31.230290,patches,289,patch,181.13497924804688,235.1100616455078,131.91830444335938,169.29978942871094,0.5123337507247925,22333.740234375
2025-07-13T02:59:31.318965,patches,291,patch,64.12612915039062,118.12146759033203,193.9852294921875,303.8062438964844,0.7555060982704163,58933.92578125
2025-07-13T02:59:31.318965,patches,291,patch,16.69968032836914,433.607421875,203.82493591308594,281.1611328125,0.6703410744667053,57307.6484375
2025-07-13T02:59:31.348645,patches,291,patch,64.12612915039062,118.12146759033203,193.9852294921875,303.8062438964844,0.7555060982704163,58933.92578125
2025-07-13T02:59:31.348645,patches,291,patch,16.69968032836914,433.607421875,203.82493591308594,281.1611328125,0.6703410744667053,57307.6484375
2025-07-13T02:59:31.383059,patches,292,patch,206.6456756591797,158.29579162597656,197.9143829345703,271.29376220703125,0.6596638560295105,53692.9375
2025-07-13T02:59:31.383059,patches,292,patch,489.8951721191406,4.687698841094971,214.28732299804688,623.6820068359375,0.6196180582046509,133647.140625
2025-07-13T02:59:31.414460,patches,292,patch,206.6456756591797,158.29579162597656,197.9143829345703,271.29376220703125,0.6596638560295105,53692.9375
2025-07-13T02:59:31.414460,patches,292,patch,489.8951721191406,4.687698841094971,214.28732299804688,623.6820068359375,0.6196180582046509,133647.140625
2025-07-13T02:59:31.446242,patches,293,patch,483.3320617675781,7.014934539794922,139.19161987304688,207.443603515625,0.5063930749893188,28874.412109375
2025-07-13T02:59:31.479261,patches,293,patch,483.3320617675781,7.014934539794922,139.19161987304688,207.443603515625,0.5063930749893188,28874.412109375
2025-07-13T02:59:31.511054,patches,294,patch,0.0,19.075965881347656,251.11717224121094,684.80126953125,0.6704152822494507,171965.359375
2025-07-13T02:59:31.542747,patches,294,patch,0.0,19.075965881347656,251.11717224121094,684.80126953125,0.6704152822494507,171965.359375
2025-07-13T02:59:31.629403,patches,296,patch,88.5328140258789,3.8980863094329834,247.17523193359375,316.4307861328125,0.5891398787498474,78213.8515625
2025-07-13T02:59:31.629403,patches,296,patch,383.89459228515625,0.0,277.27362060546875,260.2803039550781,0.5439578890800476,72168.859375
2025-07-13T02:59:31.661907,patches,296,patch,88.5328140258789,3.8980863094329834,247.17523193359375,316.4307861328125,0.5891398787498474,78213.8515625
2025-07-13T02:59:31.661907,patches,296,patch,383.89459228515625,0.0,277.27362060546875,260.2803039550781,0.5439578890800476,72168.859375
2025-07-13T02:59:31.750310,patches,298,patch,572.8805541992188,172.63111877441406,133.5833740234375,240.7764129638672,0.6464508175849915,32163.7265625
2025-07-13T02:59:31.750310,patches,298,patch,2.832770824432373,323.3968200683594,175.45359802246094,253.63430786132812,0.6381111741065979,44501.05078125
2025-07-13T02:59:31.781091,patches,298,patch,572.8805541992188,172.63111877441406,133.5833740234375,240.7764129638672,0.6464508175849915,32163.7265625
2025-07-13T02:59:31.781091,patches,298,patch,2.832770824432373,323.3968200683594,175.45359802246094,253.63430786132812,0.6381111741065979,44501.05078125
2025-07-13T02:59:31.812374,patches,299,patch,304.37841796875,135.1745147705078,283.19415283203125,521.6829223632812,0.6821675896644592,147737.546875
2025-07-13T02:59:31.812374,patches,299,patch,0.0,0.0,157.1229248046875,157.01095581054688,0.5565207004547119,24670.021484375
2025-07-13T02:59:31.843528,patches,299,patch,304.37841796875,135.1745147705078,283.19415283203125,521.6829223632812,0.6821675896644592,147737.546875
2025-07-13T02:59:31.843528,patches,299,patch,0.0,0.0,157.1229248046875,157.01095581054688,0.5565207004547119,24670.021484375
2025-07-13T02:59:31.874825,patches,300,patch,159.11105346679688,244.8698272705078,198.74755859375,338.10797119140625,0.6313164234161377,67198.1328125
2025-07-13T02:59:31.904778,patches,300,patch,159.11105346679688,244.8698272705078,198.74755859375,338.10797119140625,0.6313164234161377,67198.1328125
2025-07-13T02:59:31.937337,pitted,surface,hole,1.8202673196792603,38.22382354736328,714.8912353515625,627.7011108398438,0.6581244468688965,448738.03125
2025-07-13T02:59:31.968153,pitted,surface,hole,1.8202673196792603,38.22382354736328,714.8912353515625,627.7011108398438,0.6581244468688965,448738.03125
2025-07-13T02:59:32.053079,pitted,surface,hole,0.0,0.0,718.082763671875,720.0,0.9063674807548523,517019.59375
2025-07-13T02:59:32.084192,pitted,surface,hole,0.0,0.0,718.082763671875,720.0,0.9063674807548523,517019.59375
2025-07-13T02:59:32.114485,pitted,surface,hole,81.21499633789062,9.915637969970703,627.098388671875,708.63720703125,0.503643810749054,444385.25
2025-07-13T02:59:32.145787,pitted,surface,hole,81.21499633789062,9.915637969970703,627.098388671875,708.63720703125,0.503643810749054,444385.25
2025-07-13T02:59:32.175814,pitted,surface,patch,1.1765520572662354,0.3919103741645813,169.14907836914062,173.64845275878906,0.7571619749069214,29372.4765625
2025-07-13T02:59:32.175814,pitted,surface,hole,5.257256031036377,0.6758979558944702,710.21484375,719.3240966796875,0.7020984888076782,510874.65625
2025-07-13T02:59:32.207336,pitted,surface,patch,1.1765520572662354,0.3919103741645813,169.14907836914062,173.64845275878906,0.7571619749069214,29372.4765625
2025-07-13T02:59:32.207336,pitted,surface,hole,5.257256031036377,0.6758979558944702,710.21484375,719.3240966796875,0.7020984888076782,510874.65625
2025-07-13T02:59:32.237217,pitted,surface,hole,12.75387191772461,7.434877872467041,704.6395263671875,712.5651245117188,0.6026799082756042,502101.5625
2025-07-13T02:59:32.267366,pitted,surface,hole,12.75387191772461,7.434877872467041,704.6395263671875,712.5651245117188,0.6026799082756042,502101.5625
2025-07-13T02:59:32.470009,pitted,surface,hole,1.1609681844711304,17.76178741455078,718.5790405273438,697.14794921875,0.5701574683189392,500955.90625
2025-07-13T02:59:32.499930,pitted,surface,hole,1.1609681844711304,17.76178741455078,718.5790405273438,697.14794921875,0.5701574683189392,500955.90625
2025-07-13T02:59:32.529857,pitted,surface,hole,0.0,2.9968791007995605,720.0,717.0031127929688,0.7862318754196167,516242.25
2025-07-13T02:59:32.560880,pitted,surface,hole,0.0,2.9968791007995605,720.0,717.0031127929688,0.7862318754196167,516242.25
2025-07-13T02:59:32.592344,pitted,surface,hole,0.0,1.5250694751739502,718.68115234375,718.4749145507812,0.7846927046775818,516354.375
2025-07-13T02:59:32.623166,pitted,surface,hole,0.0,1.5250694751739502,718.68115234375,718.4749145507812,0.7846927046775818,516354.375
2025-07-13T02:59:32.655608,pitted,surface,patch,0.2535214424133301,547.7417602539062,137.82655334472656,172.25823974609375,0.7029447555541992,23741.759765625
2025-07-13T02:59:32.687265,pitted,surface,patch,0.2535214424133301,547.7417602539062,137.82655334472656,172.25823974609375,0.7029447555541992,23741.759765625
2025-07-13T02:59:32.831923,pitted,surface,hole,0.0,2.1819801330566406,720.0,717.8179931640625,0.7656106352806091,516828.96875
2025-07-13T02:59:32.862490,pitted,surface,hole,0.0,2.1819801330566406,720.0,717.8179931640625,0.7656106352806091,516828.96875
2025-07-13T02:59:32.893717,pitted,surface,hole,0.0,0.0,719.7699584960938,720.0,0.7890086770057678,518234.375
2025-07-13T02:59:32.923683,pitted,surface,hole,0.0,0.0,719.7699584960938,720.0,0.7890086770057678,518234.375
2025-07-13T02:59:33.013906,pitted,surface,hole,0.8076741695404053,10.523588180541992,718.2929077148438,707.3682250976562,0.5489515662193298,508097.59375
2025-07-13T02:59:33.046418,pitted,surface,hole,0.8076741695404053,10.523588180541992,718.2929077148438,707.3682250976562,0.5489515662193298,508097.59375
2025-07-13T02:59:33.077602,pitted,surface,hole,0.0,0.0,717.3093872070312,720.0,0.7582104802131653,516462.75
2025-07-13T02:59:33.107847,pitted,surface,hole,0.0,0.0,717.3093872070312,720.0,0.7582104802131653,516462.75
2025-07-13T02:59:33.138250,pitted,surface,patch,3.863619804382324,0.0,151.74293518066406,104.65676879882812,0.647481381893158,15880.9248046875
2025-07-13T02:59:33.170824,pitted,surface,patch,3.863619804382324,0.0,151.74293518066406,104.65676879882812,0.647481381893158,15880.9248046875
2025-07-13T02:59:33.201199,pitted,surface,hole,13.938783645629883,11.15124225616455,703.15576171875,708.8487548828125,0.6399549841880798,498431.09375
2025-07-13T02:59:33.230498,pitted,surface,hole,13.938783645629883,11.15124225616455,703.15576171875,708.8487548828125,0.6399549841880798,498431.09375
2025-07-13T02:59:33.262490,pitted,surface,hole,3.8782334327697754,0.36911672353744507,716.1217651367188,717.0387573242188,0.6547181606292725,513487.0625
2025-07-13T02:59:33.291562,pitted,surface,hole,3.8782334327697754,0.36911672353744507,716.1217651367188,717.0387573242188,0.6547181606292725,513487.0625
2025-07-13T02:59:33.321999,pitted,surface,hole,0.0,23.227245330810547,720.0,696.35693359375,0.6641096472740173,501377.0
2025-07-13T02:59:33.353025,pitted,surface,hole,0.0,23.227245330810547,720.0,696.35693359375,0.6641096472740173,501377.0
2025-07-13T02:59:33.382732,pitted,surface,hole,0.0,0.0,719.7885131835938,720.0,0.7541965842247009,518247.71875
2025-07-13T02:59:33.417031,pitted,surface,hole,0.0,0.0,719.7885131835938,720.0,0.7541965842247009,518247.71875
2025-07-13T02:59:33.452930,pitted,surface,hole,50.90150451660156,0.6412671804428101,664.6635131835938,711.0938110351562,0.8201473951339722,472638.125
2025-07-13T02:59:33.484405,pitted,surface,hole,50.90150451660156,0.6412671804428101,664.6635131835938,711.0938110351562,0.8201473951339722,472638.125
2025-07-13T02:59:33.570686,pitted,surface,hole,0.0,1.7118370532989502,718.537109375,717.8129272460938,0.8987491130828857,515775.21875
2025-07-13T02:59:33.600502,pitted,surface,hole,0.0,1.7118370532989502,718.537109375,717.8129272460938,0.8987491130828857,515775.21875
2025-07-13T02:59:33.686768,pitted,surface,hole,0.0,152.35635375976562,719.0455322265625,562.34326171875,0.6047790050506592,404350.40625
2025-07-13T02:59:33.720726,pitted,surface,hole,0.0,152.35635375976562,719.0455322265625,562.34326171875,0.6047790050506592,404350.40625
2025-07-13T02:59:33.754954,pitted,surface,hole,9.398982048034668,4.723165512084961,704.8316650390625,713.7880249023438,0.6158713698387146,503100.40625
2025-07-13T02:59:33.790907,pitted,surface,hole,9.398982048034668,4.723165512084961,704.8316650390625,713.7880249023438,0.6158713698387146,503100.40625
2025-07-13T02:59:33.830919,pitted,surface,hole,0.0,26.589599609375,699.7962646484375,693.410400390625,0.7822259068489075,485246.0
2025-07-13T02:59:33.830919,pitted,surface,patch,364.8919372558594,0.4063858985900879,159.11477661132812,124.45938873291016,0.5936216711997986,19803.328125
2025-07-13T02:59:33.861569,pitted,surface,hole,0.0,26.589599609375,699.7962646484375,693.410400390625,0.7822259068489075,485246.0
2025-07-13T02:59:33.861569,pitted,surface,patch,364.8919372558594,0.4063858985900879,159.11477661132812,124.45938873291016,0.5936216711997986,19803.328125
2025-07-13T02:59:34.030700,pitted,surface,hole,20.834136962890625,6.164285182952881,602.2122802734375,713.835693359375,0.8109526038169861,429880.625
2025-07-13T02:59:34.060346,pitted,surface,hole,20.834136962890625,6.164285182952881,602.2122802734375,713.835693359375,0.8109526038169861,429880.625
2025-07-13T02:59:34.090376,pitted,surface,hole,11.849709510803223,61.59777069091797,701.640869140625,649.7442626953125,0.7660520076751709,455887.125
2025-07-13T02:59:34.120986,pitted,surface,hole,11.849709510803223,61.59777069091797,701.640869140625,649.7442626953125,0.7660520076751709,455887.125
2025-07-13T02:59:34.149603,pitted,surface,hole,11.924046516418457,1.7425271272659302,659.7852172851562,718.2574462890625,0.7736626863479614,473895.65625
2025-07-13T02:59:34.182893,pitted,surface,hole,11.924046516418457,1.7425271272659302,659.7852172851562,718.2574462890625,0.7736626863479614,473895.65625
2025-07-13T02:59:34.213006,pitted,surface,hole,17.624637603759766,136.20753479003906,702.3753662109375,583.6314697265625,0.8179863691329956,409928.375
2025-07-13T02:59:34.242611,pitted,surface,hole,17.624637603759766,136.20753479003906,702.3753662109375,583.6314697265625,0.8179863691329956,409928.375
2025-07-13T02:59:34.326709,pitted,surface,patch,73.31671142578125,1.0222584009170532,126.70108032226562,113.8045883178711,0.5661824941635132,14419.1640625
2025-07-13T02:59:34.326709,pitted,surface,hole,2.361224412918091,33.23196792602539,698.401123046875,683.7495727539062,0.5014808177947998,477531.46875
2025-07-13T02:59:34.357554,pitted,surface,patch,73.31671142578125,1.0222584009170532,126.70108032226562,113.8045883178711,0.5661824941635132,14419.1640625
2025-07-13T02:59:34.357554,pitted,surface,hole,2.361224412918091,33.23196792602539,698.401123046875,683.7495727539062,0.5014808177947998,477531.46875
2025-07-13T02:59:34.388120,pitted,surface,hole,16.481163024902344,3.342351198196411,703.5188598632812,713.7987670898438,0.8251764178276062,502170.90625
2025-07-13T02:59:34.422542,pitted,surface,hole,16.481163024902344,3.342351198196411,703.5188598632812,713.7987670898438,0.8251764178276062,502170.90625
2025-07-13T02:59:34.454855,pitted,surface,hole,0.0,3.223531723022461,718.6932373046875,716.3359375,0.7181498408317566,514825.78125
2025-07-13T02:59:34.483860,pitted,surface,hole,0.0,3.223531723022461,718.6932373046875,716.3359375,0.7181498408317566,514825.78125
2025-07-13T02:59:34.572026,pitted,surface,hole,0.0,13.103882789611816,719.2077026367188,706.8961181640625,0.8871226906776428,508405.125
2025-07-13T02:59:34.604910,pitted,surface,hole,0.0,13.103882789611816,719.2077026367188,706.8961181640625,0.8871226906776428,508405.125
2025-07-13T02:59:34.638416,pitted,surface,hole,11.346308708190918,0.0,702.14501953125,720.0,0.6466591954231262,505544.40625
2025-07-13T02:59:34.671783,pitted,surface,hole,11.346308708190918,0.0,702.14501953125,720.0,0.6466591954231262,505544.40625
2025-07-13T02:59:34.711218,pitted,surface,hole,0.0,4.902469635009766,719.2854614257812,715.0975341796875,0.9078788161277771,514359.25
2025-07-13T02:59:34.743158,pitted,surface,hole,0.0,4.902469635009766,719.2854614257812,715.0975341796875,0.9078788161277771,514359.25
2025-07-13T02:59:34.780474,pitted,surface,hole,1.6096163988113403,29.357675552368164,718.390380859375,690.642333984375,0.8585019707679749,496150.8125
2025-07-13T02:59:34.780474,pitted,surface,patch,373.62469482421875,0.8508955240249634,144.05841064453125,123.36112213134766,0.5527844429016113,17771.20703125
2025-07-13T02:59:34.813466,pitted,surface,hole,1.6096163988113403,29.357675552368164,718.390380859375,690.642333984375,0.8585019707679749,496150.8125
2025-07-13T02:59:34.813466,pitted,surface,patch,373.62469482421875,0.8508955240249634,144.05841064453125,123.36112213134766,0.5527844429016113,17771.20703125
2025-07-13T02:59:34.845487,pitted,surface,hole,0.0,0.0,719.4078979492188,720.0,0.8100208044052124,517973.6875
2025-07-13T02:59:34.877309,pitted,surface,hole,0.0,0.0,719.4078979492188,720.0,0.8100208044052124,517973.6875
2025-07-13T02:59:34.964319,pitted,surface,hole,0.0,18.992612838745117,717.1504516601562,701.0073852539062,0.8914031386375427,502727.75
2025-07-13T02:59:34.994283,pitted,surface,hole,0.0,18.992612838745117,717.1504516601562,701.0073852539062,0.8914031386375427,502727.75
2025-07-13T02:59:35.026495,pitted,surface,hole,18.2512149810791,1.19285249710083,641.951171875,718.7316284179688,0.6990131139755249,461390.625
2025-07-13T02:59:35.058393,pitted,surface,hole,18.2512149810791,1.19285249710083,641.951171875,718.7316284179688,0.6990131139755249,461390.625
2025-07-13T02:59:35.089558,pitted,surface,hole,54.52532196044922,0.0,659.4068603515625,658.2821044921875,0.7479987144470215,434075.75
2025-07-13T02:59:35.120580,pitted,surface,hole,54.52532196044922,0.0,659.4068603515625,658.2821044921875,0.7479987144470215,434075.75
2025-07-13T02:59:35.150784,pitted,surface,hole,14.657611846923828,5.9211530685424805,702.6807861328125,714.078857421875,0.8516979217529297,501769.5
2025-07-13T02:59:35.182419,pitted,surface,hole,14.657611846923828,5.9211530685424805,702.6807861328125,714.078857421875,0.8516979217529297,501769.5
2025-07-13T02:59:35.214565,pitted,surface,hole,29.918516159057617,211.81610107421875,681.8140869140625,506.95489501953125,0.6358835697174072,345649.0
2025-07-13T02:59:35.214565,pitted,surface,patch,184.37353515625,134.07943725585938,98.900634765625,128.95166015625,0.5196693539619446,12753.4013671875
2025-07-13T02:59:35.244007,pitted,surface,hole,29.918516159057617,211.81610107421875,681.8140869140625,506.95489501953125,0.6358835697174072,345649.0
2025-07-13T02:59:35.244007,pitted,surface,patch,184.37353515625,134.07943725585938,98.900634765625,128.95166015625,0.5196693539619446,12753.4013671875
2025-07-13T02:59:35.275742,pitted,surface,hole,49.335777282714844,4.616108417510986,663.2264404296875,714.1171264648438,0.7711584568023682,473621.375
2025-07-13T02:59:35.309817,pitted,surface,hole,49.335777282714844,4.616108417510986,663.2264404296875,714.1171264648438,0.7711584568023682,473621.375
2025-07-13T02:59:35.466314,pitted,surface,hole,112.19429016113281,2.9905500411987305,597.7141723632812,717.0094604492188,0.8238644599914551,428566.71875
2025-07-13T02:59:35.497848,pitted,surface,hole,112.19429016113281,2.9905500411987305,597.7141723632812,717.0094604492188,0.8238644599914551,428566.71875
2025-07-13T02:59:35.587862,pitted,surface,hole,0.0,0.0,719.886962890625,720.0,0.8970416784286499,518318.625
2025-07-13T02:59:35.618589,pitted,surface,hole,0.0,0.0,719.886962890625,720.0,0.8970416784286499,518318.625
2025-07-13T02:59:39.124518,scratches,242,scratch,5.206444263458252,542.568603515625,710.8775024414062,172.25152587890625,0.5011951923370361,122449.734375
2025-07-13T02:59:39.161275,scratches,242,scratch,5.206444263458252,542.568603515625,710.8775024414062,172.25152587890625,0.5011951923370361,122449.734375
2025-07-13T02:59:39.324476,scratches,245,scratch,6.4177470207214355,58.391658782958984,713.582275390625,61.04104995727539,0.5152431130409241,43557.8125
2025-07-13T02:59:39.355097,scratches,245,scratch,6.4177470207214355,58.391658782958984,713.582275390625,61.04104995727539,0.5152431130409241,43557.8125
2025-07-13T02:59:39.514035,scratches,248,scratch,21.496660232543945,81.63925170898438,698.2318725585938,86.460693359375,0.6078559756278992,60369.61328125
2025-07-13T02:59:39.514035,scratches,248,scratch,17.898099899291992,645.84521484375,695.1121215820312,71.1414794921875,0.5131295323371887,49451.3046875
2025-07-13T02:59:39.547041,scratches,248,scratch,21.496660232543945,81.63925170898438,698.2318725585938,86.460693359375,0.6078559756278992,60369.61328125
2025-07-13T02:59:39.547041,scratches,248,scratch,17.898099899291992,645.84521484375,695.1121215820312,71.1414794921875,0.5131295323371887,49451.3046875
2025-07-13T02:59:39.579452,scratches,249,scratch,4.4241461753845215,632.9090576171875,715.067138671875,86.1322021484375,0.5283505320549011,61590.30859375
2025-07-13T02:59:39.610203,scratches,249,scratch,4.4241461753845215,632.9090576171875,715.067138671875,86.1322021484375,0.5283505320549011,61590.30859375
2025-07-13T02:59:39.934554,scratches,255,scratch,8.003838539123535,502.25775146484375,711.9961547851562,95.49029541015625,0.6705871820449829,67988.7265625
2025-07-13T02:59:39.971297,scratches,255,scratch,8.003838539123535,502.25775146484375,711.9961547851562,95.49029541015625,0.6705871820449829,67988.7265625
2025-07-13T02:59:40.006400,scratches,256,scratch,6.568211555480957,347.67254638671875,713.4317626953125,98.20724487304688,0.6231992840766907,70064.1640625
2025-07-13T02:59:40.047969,scratches,256,scratch,6.568211555480957,347.67254638671875,713.4317626953125,98.20724487304688,0.6231992840766907,70064.1640625
2025-07-13T02:59:40.080481,scratches,257,scratch,13.377704620361328,185.98736572265625,706.622314453125,93.37432861328125,0.6291058659553528,65980.3828125
2025-07-13T02:59:40.114193,scratches,257,scratch,13.377704620361328,185.98736572265625,706.622314453125,93.37432861328125,0.6291058659553528,65980.3828125
2025-07-13T02:59:40.151220,scratches,258,scratch,9.956358909606934,471.7280578613281,710.0436401367188,107.65371704101562,0.5957344174385071,76438.8359375
2025-07-13T02:59:40.191289,scratches,258,scratch,9.956358909606934,471.7280578613281,710.0436401367188,107.65371704101562,0.5957344174385071,76438.8359375
2025-07-13T02:59:40.288707,scratches,260,scratch,11.153390884399414,94.78252410888672,708.1682739257812,92.82730865478516,0.547024667263031,65737.3515625
2025-07-13T02:59:40.321343,scratches,260,scratch,11.153390884399414,94.78252410888672,708.1682739257812,92.82730865478516,0.547024667263031,65737.3515625
2025-07-13T02:59:40.472379,scratches,263,scratch,0.0,88.76326751708984,719.634521484375,101.12340545654297,0.5194453597068787,72771.890625
2025-07-13T02:59:40.504985,scratches,263,scratch,0.0,88.76326751708984,719.634521484375,101.12340545654297,0.5194453597068787,72771.890625
2025-07-13T02:59:40.648989,scratches,266,scratch,9.828344345092773,513.1746826171875,710.171630859375,104.7503662109375,0.5105851888656616,74390.7421875
2025-07-13T02:59:40.679377,scratches,266,scratch,9.828344345092773,513.1746826171875,710.171630859375,104.7503662109375,0.5105851888656616,74390.7421875
2025-07-13T02:59:41.175159,scratches,275,scratch,8.378866195678711,597.1419067382812,710.7216186523438,121.299072265625,0.5376869440078735,86209.875
2025-07-13T02:59:41.205208,scratches,275,scratch,8.378866195678711,597.1419067382812,710.7216186523438,121.299072265625,0.5376869440078735,86209.875
2025-07-13T02:59:41.510203,scratches,281,scratch,3.6543869972229004,68.60818481445312,716.3456420898438,83.65133666992188,0.6176056861877441,59923.26953125
2025-07-13T02:59:41.540169,scratches,281,scratch,3.6543869972229004,68.60818481445312,716.3456420898438,83.65133666992188,0.6176056861877441,59923.26953125
2025-07-13T02:59:41.627375,scratches,283,scratch,11.896998405456543,68.684326171875,707.6039428710938,169.07435607910156,0.5791391134262085,119637.6796875
2025-07-13T02:59:41.627375,scratches,283,scratch,7.827280521392822,473.7717590332031,705.9286499023438,98.85690307617188,0.566089391708374,69785.921875
2025-07-13T02:59:41.657438,scratches,283,scratch,11.896998405456543,68.684326171875,707.6039428710938,169.07435607910156,0.5791391134262085,119637.6796875
2025-07-13T02:59:41.657438,scratches,283,scratch,7.827280521392822,473.7717590332031,705.9286499023438,98.85690307617188,0.566089391708374,69785.921875
2025-07-13T02:59:41.860543,scratches,287,scratch,554.0234375,0.0,148.8028564453125,719.6399536132812,0.691001296043396,107084.484375
2025-07-13T02:59:41.890973,scratches,287,scratch,554.0234375,0.0,148.8028564453125,719.6399536132812,0.691001296043396,107084.484375
2025-07-13T02:59:41.926976,scratches,288,scratch,216.37147521972656,0.0,97.19407653808594,719.6620483398438,0.7225969433784485,69946.890625
2025-07-13T02:59:41.956785,scratches,288,scratch,216.37147521972656,0.0,97.19407653808594,719.6620483398438,0.7225969433784485,69946.890625
2025-07-13T02:59:41.988984,scratches,289,scratch,402.7919006347656,0.0,82.2003173828125,719.5064697265625,0.6194173693656921,59143.66015625
2025-07-13T02:59:42.018564,scratches,289,scratch,402.7919006347656,0.0,82.2003173828125,719.5064697265625,0.6194173693656921,59143.66015625
2025-07-13T02:59:42.284023,scratches,294,scratch,6.398341655731201,380.5289611816406,713.6016845703125,70.87786865234375,0.5065184831619263,50578.56640625
2025-07-13T02:59:42.316972,scratches,294,scratch,6.398341655731201,380.5289611816406,713.6016845703125,70.87786865234375,0.5065184831619263,50578.56640625
2025-07-13T02:59:42.348864,scratches,295,scratch,19.516494750976562,400.68109130859375,696.8179931640625,103.72897338867188,0.5557311773300171,72280.21875
2025-07-13T02:59:42.379784,scratches,295,scratch,19.516494750976562,400.68109130859375,696.8179931640625,103.72897338867188,0.5557311773300171,72280.21875
2025-07-13T02:59:42.473911,scratches,297,scratch,0.0,2.570009469985962,673.552490234375,78.03675079345703,0.5065808296203613,52561.84765625
2025-07-13T02:59:42.504610,scratches,297,scratch,0.0,2.570009469985962,673.552490234375,78.03675079345703,0.5065808296203613,52561.84765625
